annee_mois,cout_gaz_seul_eur_mwh,cout_elec_seul_eur_mwh,cout_arbitrage_eur_mwh,part_heures_elec,nb_heures,indice_now_eur_mwh,gain_total_eur_mois
2021-01,36.47,139.59,36.47,0.00,744,0.00,0.00
2021-02,32.71,130.74,32.71,0.00,672,0.00,0.00
2021-03,32.60,131.56,32.60,0.00,743,0.00,0.00
2021-04,35.76,103.72,35.75,0.00,720,0.01,9.53
2021-05,41.40,95.28,40.71,0.08,744,0.69,511.93
2021-06,45.87,114.47,45.59,0.02,720,0.29,205.26
2021-07,54.81,119.09,54.20,0.04,744,0.61,452.16
2021-08,64.40,118.19,62.42,0.08,744,1.99,1478.14
2021-09,85.86,177.21,85.85,0.00,720,0.02,12.95
2021-10,112.83,214.59,110.57,0.06,745,2.26,1682.96
2021-11,108.02,299.10,108.02,0.00,720,0.01,5.51
2021-12,148.64,360.55,148.12,0.02,744,0.52,385.28
2022-01,118.53,294.68,118.13,0.02,744,0.39,292.94
2022-02,114.32,269.36,114.21,0.01,672,0.10,70.36
2022-03,168.50,380.28,168.50,0.00,743,0.00,0.00
2022-04,126.28,276.11,125.55,0.02,720,0.73,524.10
2022-05,110.88,239.96,110.73,0.00,744,0.15,109.83
2022-06,131.90,291.84,131.82,0.01,720,0.08,54.29
2022-07,168.53,446.32,168.49,0.01,744,0.04,30.19
2022-08,209.88,539.70,209.53,0.01,744,0.35,259.31
2022-09,152.86,440.55,152.73,0.01,720,0.14,97.62
2022-10,77.76,221.13,77.74,0.00,745,0.02,14.38
2022-11,103.30,273.54,103.27,0.00,720,0.03,18.80
2022-12,149.35,355.87,147.88,0.07,744,1.47,1094.01
2023-01,85.44,214.97,83.96,0.07,744,1.48,1100.77
2023-02,76.36,232.01,76.36,0.00,672,0.00,0.00
2023-03,68.25,194.29,68.16,0.02,743,0.09,64.16
2023-04,65.22,147.51,64.71,0.03,720,0.51,364.31
2023-05,51.53,117.89,50.47,0.08,744,1.05,784.26
2023-06,52.90,132.52,52.35,0.05,720,0.55,395.40
2023-07,50.50,118.17,48.34,0.10,744,2.16,1608.26
2023-08,54.80,131.96,54.38,0.04,744,0.43,316.42
2023-09,57.89,129.71,56.61,0.07,720,1.28,919.87
2023-10,64.83,125.25,61.55,0.15,745,3.28,2441.28
2023-11,61.53,169.85,61.52,0.01,720,0.01,4.57
2023-12,55.01,148.72,55.01,0.00,744,0.00,3.09
2024-01,49.25,158.62,49.25,0.00,744,0.00,0.00
2024-02,44.98,140.49,44.98,0.00,696,0.00,0.00
2024-03,46.73,133.39,46.73,0.00,743,0.00,0.00
2024-04,49.40,68.32,44.62,0.42,720,4.78,3440.45
2024-05,52.66,66.75,48.25,0.33,744,4.41,3283.26
2024-06,56.05,77.65,49.71,0.36,720,6.34,4567.98
2024-07,53.64,87.64,49.42,0.23,744,4.22,3139.01
2024-08,60.48,94.91,55.51,0.26,744,4.98,3702.76
2024-09,58.22,92.31,54.05,0.26,720,4.16,2998.23
2024-10,62.87,102.91,59.97,0.17,745,2.90,2161.63
2024-11,67.32,179.99,67.20,0.03,720,0.12,85.44
2024-12,68.79,179.70,68.79,0.00,744,0.00,3.30
2025-01,54.00,165.60,53.78,0.03,744,0.22,160.01
2025-02,54.63,183.54,54.63,0.00,672,0.00,0.00
2025-03,44.17,137.66,44.12,0.02,743,0.05,38.14
2025-04,16.63,36.36,5.29,0.31,720,11.34,8166.09
2025-05,35.27,31.47,20.09,0.54,744,15.17,11289.57
2025-06,33.28,40.97,17.59,0.48,720,15.69,11297.56
2025-07,14.57,44.46,5.24,0.26,744,9.33,6938.74
2025-08,24.69,50.69,15.62,0.28,744,9.08,6753.05
2025-09,30.11,42.79,20.21,0.45,720,9.89,7124.17
2025-10,33.40,72.94,31.56,0.22,745,1.84,1367.28
2025-11,38.74,121.62,38.74,0.00,720,0.00,0.00
2025-12,38.45,136.26,38.45,0.00,744,0.00,0.00
2026-01,40.80,173.15,40.80,0.00,744,0.00,0.00
2026-02,42.19,118.26,42.17,0.01,672,0.02,12.71
2026-03,58.81,132.34,56.97,0.11,743,1.84,1370.13
2026-04,31.33,68.90,17.14,0.35,720,14.18,10212.08
2026-05,38.31,80.27,25.37,0.28,744,12.95,9632.98
2026-06,43.59,98.19,34.20,0.32,720,9.39,6761.84
2026-07,34.97,120.47,27.05,0.18,744,7.92,5892.99
2026-08,42.60,147.37,36.82,0.11,638,5.78,3684.49
